nazwa_pliku,rozmiar_bajtow,liczba_symboli,ma_symbole,opis
adsp_loader_dlkm.ko,24600,103,TAK,"ADSP Loader module"
audio_cc_ipc_dlkm.ko,52208,261,TAK,"SoC Audio CC_IPC Driver"
audio_extend_dlkm.ko,28520,119,TAK,"ASoC Oplus Audio Driver"
audio_pkt_dlkm.ko,55704,261,TAK,"MSM Audio Packet Driver"
audio_prm_dlkm.ko,32248,175,TAK,"audio prm"
audpkt_ion_dlkm.ko,52520,239,TAK,"MSM Audio ION module"
bam_dma.ko,68416,358,TAK,"QCOM BAM DMA engine driver"
bcl_off_cdev.ko,19176,72,TAK,"No description provided"
bcl_soc.ko,24648,102,TAK,"No description provided"
bes2610.ko,2333728,9163,TAK,"Bestechnic 11ax driver for Linux cfg80211"
besbev_dlkm.ko,120064,524,TAK,"Besbev Codec driver"
besbev-slave_dlkm.ko,19032,77,TAK,"Besbev Slave driver"
bluesleep.ko,89240,430,TAK,"Bluetooth Sleep Mode Driver ver %s 1.2"
bolero_cdc_dlkm.ko,128728,612,TAK,"Bolero driver Bolero clock resource manager driver"
boot_stats.ko,19040,61,TAK,"MSM boot stats info driver"
bwmon.ko,88240,489,TAK,"QCOM BWMON driver"
cc_dlkm.ko,75752,295,TAK,"cc codec driver"
cfg80211.ko,2533656,17326,TAK,"wireless configuration support"
core_hang_detect.ko,27448,128,TAK,"MSM Core Hang Detect Driver"
cpufreq_ondemand.ko,36752,197,TAK,"cpufreq_ondemand - A dynamic cpufreq governor for Low Latency Frequency Transition capable processors"
cpufreq_userspace.ko,21040,83,TAK,"CPUfreq policy governor userspace"
debugcc-monaco.ko,34752,132,TAK,"QTI DEBUG CC MONACO Driver"
dummy_nfc.ko,31248,171,TAK,"Oplus NFC Test Driver"
ehset.ko,18240,65,TAK,"USB Driver for EHSET Test Fixture"
eud.ko,40176,210,TAK,"QTI EUD driver"
focaltech_fts.ko,432464,1014,TAK,"FocalTech Touchscreen Driver"
frpc-adsprpc.ko,860520,5335,TAK,"No description provided"
glink_pkt.ko,93592,534,TAK,"MSM G-Link Packet Port"
gpr_dlkm.ko,48440,280,TAK,"QTI GPR Bus"
gpucc-monaco.ko,41104,197,TAK,"QTI GPU_CC MONACO Driver"
haptic.ko,565232,1484,TAK,"AWINIC Haptic Driver"
hdcp_qseecom_dlkm.ko,102864,448,TAK,"HDCP driver"
i2c-dev.ko,57248,492,TAK,"I2C /dev entries driver"
i2c-gpio.ko,21976,88,TAK,"Platform-independent bitbanging I2C driver"
i2c-msm-geni.ko,120352,440,TAK,"No description provided"
i2c-qcom-geni.ko,43568,292,TAK,"I2C Controller Driver for GENI based QUP cores"
icc-debug.ko,24992,112,TAK,"QCOM ICC debug library"
icc-test.ko,20064,75,TAK,"No description provided"
lmh_cpu_vdd_cdev.ko,20712,82,TAK,"No description provided"
machine_dlkm.ko,114424,600,TAK,"ALSA SoC msm"
memlat.ko,106216,483,TAK,"QCOM MEMLAT Driver"
msm_drm.ko,4090056,17462,TAK,"MSM DRM Driver MSM SMMU driver"
msm_geni_serial.ko,220504,961,TAK,"Serial driver for GENI based QTI serial cores"
msm_gpi.ko,119776,359,TAK,"QCOM GPI DMA engine driver"
msm_kgsl.ko,4012472,25659,TAK,"3D Graphics driver"
msm_lmh_dcvs.ko,27416,108,TAK,"No description provided"
msm_performance.ko,77712,403,TAK,"No description provided"
msm_sharedmem.ko,20200,69,TAK,"No description provided"
msm_show_resume_irq.ko,24776,123,TAK,"Qualcomm Technologies; Inc. IRQ Logging driver"
msm_sysstats.ko,48392,338,TAK,"No description provided"
msm-tsens-driver.ko,90904,517,TAK,"No description provided"
msm_video.ko,1242040,3170,TAK,"No description provided"
nvmem_qfprom.ko,27472,145,TAK,"Qualcomm QFPROM driver"
oplus_comm_master_bt.ko,188912,749,TAK,"Oplus Inter-chip communication driver"
oplus_comm_master.ko,118592,396,TAK,"Oplus Inter-chip communication driver"
oplus_crown.ko,111736,442,TAK,"oplus crown driver"
oplus_ddr_freq.ko,20896,74,TAK,"OPPO ddr freq driver"
oplus_dummy_codec_dlkm.ko,29776,148,TAK,"ASoC oplus dummy codec driver"
oplus_link_power.ko,59880,220,TAK,"OPLUS linkpower module"
oplus_shutdown_detect.ko,47440,203,TAK,"No description provided"
panel_event_notifier.ko,21168,78,TAK,"Qualcomm Technologies; Inc. Panel event notifier"
pdr_interface.ko,40976,182,TAK,"Qualcomm Protection Domain Restart helpers"
phy-generic.ko,28224,149,TAK,"NOP USB Transceiver driver"
phy-xgene.ko,75936,546,TAK,"APM X-Gene Multi-Purpose PHY driver"
pinctrl_lpi_dlkm.ko,54232,280,TAK,"QTI LPI GPIO pin control driver"
pinctrl-spmi-gpio.ko,57000,268,TAK,"Qualcomm SPMI PMIC GPIO pin control driver"
pinctrl-spmi-mpp.ko,43488,197,TAK,"Qualcomm SPMI PMIC MPP pin control driver"
pmw5100-spmi_dlkm.ko,20336,83,TAK,"PMIC SPMI driver"
power_state.ko,39712,166,TAK,"Qualcomm Technologies; Inc. (QTI) Power State Driver"
q6_notifier_dlkm.ko,53304,247,TAK,"Audio notifier driver"
q6_pdr_dlkm.ko,17608,63,TAK,"PDR framework driver"
qce50_dlkm.ko,152896,621,TAK,"Crypto Engine driver"
qcedev-mod_dlkm.ko,346752,3524,TAK,"QTI DEV Crypto driver"
qcom-cpufreq-hw-debug.ko,24936,113,TAK,"QTI clock driver for CPUFREQ HW debug"
qcom_hib.ko,17312,55,TAK,"Qualcomm Technologies; Inc. Bootloader Hibernation Vendor hooks"
qcom_iommu_debug.ko,108912,537,TAK,"No description provided"
qcom_lpm.ko,113048,714,TAK,"Qualcomm Technologies; Inc. cpuidle LPM governor"
qcom_pil_info.ko,21328,84,TAK,"Qualcomm PIL relocation info"
qcom_q6v5.ko,30408,172,TAK,"Qualcomm Peripheral Image Loader for Q6V5"
qcom_q6v5_pas.ko,115920,621,TAK,"Qualcomm Hexagon v5 Peripheral Authentication Service driver"
qcom_ramdump.ko,27568,148,TAK,"Qualcomm Technologies; Inc. Ramdump driver"
qcom-spmi-adc5-gen3.ko,62224,202,TAK,"Qualcomm Technologies Inc. PMIC5 Gen3 ADC driver"
qcom-spmi-adc5.ko,52416,143,TAK,"Qualcomm Technologies Inc. PMIC5 ADC driver"
qcom-spmi-temp-alarm.ko,32672,142,TAK,"QPNP PMIC Temperature Alarm driver"
qcom_sysmon.ko,50824,273,TAK,"Qualcomm sysmon driver"
qcom_tsens.ko,103776,324,TAK,"QCOM Temperature Sensor driver"
qcom-vadc-common.ko,42224,224,TAK,"Qualcomm ADC common functionality"
qcrypto-msm_dlkm.ko,153920,776,TAK,"QTI Crypto driver"
qmi_helpers.ko,50456,251,TAK,"QMI encoder/decoder helper"
qpnp-power-on.ko,94976,400,TAK,"QPNP PMIC Power-on driver"
qpnp-smblite-main.ko,445840,1238,TAK,"QPNP SMBLITE Charger Driver"
qrng_dlkm.ko,29256,141,TAK,"QTI MSM Random Number Driver"
qrtr-smd.ko,21104,81,TAK,"Qualcomm IPC-Router SMD interface driver"
qseecom_dlkm.ko,532840,3903,TAK,"QTI Secure Execution Environment Communicator"
qseecom_proxy.ko,22168,101,TAK,"Qseecom proxy driver"
qti_cpufreq_cdev.ko,24848,108,TAK,"Qualcomm Technologies; Inc. cpufreq cooling driver"
qti_devfreq_cdev.ko,22000,90,TAK,"Qualcomm Technologies; Inc. devfreq cooling device driver"
qti-pmic-lpm.ko,27456,115,TAK,"QTI PMIC LPM driver"
qti-qbg-main.ko,187904,686,TAK,"QTI QBG (Qualcomm Battery Gauging) driver"
qti_qmi_cdev.ko,36368,152,TAK,"QTI QMI cooling device driver"
qti_qmi_sensor.ko,44608,157,TAK,"No description provided"
rdbg.ko,39792,175,TAK,"rdbg module"
regulator_cdev.ko,19432,69,TAK,"No description provided"
rpm-smd-debug.ko,21760,96,TAK,"RPM SMD Debug Driver"
rq_stats.ko,20160,79,TAK,"QCOM Run Queue Stats"
rx_macro_dlkm.ko,214192,626,TAK,"RX macro driver"
slate_events_bridge.ko,41176,183,TAK,"SoC Slate Events Bridge driver"
slate_events_bridge_rpmsg.ko,21280,93,TAK,"Interface Driver for Slate events bridge RPMSG"
slimbus.ko,68632,444,TAK,"SLIMbus core"
slim-qcom-ngd-ctrl.ko,133240,474,TAK,"Qualcomm SLIMBus NGD controller"
smcinvoke_dlkm.ko,347856,2538,TAK,"SMC Invoke driver (compat)"
smp2p_sleepstate.ko,18736,63,TAK,"SMP2P SLEEP STATE"
snd_event_dlkm.ko,34736,176,TAK,"SND event module"
soc_sleep_stats.ko,28616,136,TAK,"Qualcomm Technologies; Inc. (QTI) SoC Sleep Stats driver"
spf_core_dlkm.ko,37960,206,TAK,"q6 core"
spi-geni-qcom.ko,35528,166,TAK,"SPI driver for GENI based QUP cores"
spi-msm-geni.ko,138464,501,TAK,"No description provided"
sps_drv.ko,515544,1559,TAK,"Smart Peripheral Switch (SPS)"
startup_monitor.ko,29432,170,TAK,"startup_monitor core"
stm_core.ko,92176,615,TAK,"System Trace Module device class"
stub_dlkm.ko,16944,55,TAK,"Generic MSM CODEC driver"
subsystem_sleep_stats.ko,39800,221,TAK,"Qualcomm Technologies; Inc. (QTI) subsystem sleep stats driver"
swr_ctrl_dlkm.ko,154176,691,TAK,"SoundWire Master Controller"
swr_dlkm.ko,73808,510,TAK,"Soundwire module"
sysmon_subsystem_stats.ko,50592,157,TAK,"Qualcomm Technologies; Inc. Sysmon subsystem Stats driver"
thermal_pause.ko,31784,160,TAK,"No description provided"
tx_macro_dlkm.ko,277240,717,TAK,"TX macro driver"
tz_log_dlkm.ko,56512,166,TAK,"TZ Log driver"
usb_bam.ko,104360,367,TAK,"MSM USB BAM DRIVER"
usb_f_cdev.ko,86736,513,TAK,"USB Serial Character Driver"
usb_f_gsi.ko,220248,1156,TAK,"GSI function driver"
usb_f_qdss.ko,65728,312,TAK,"USB QDSS Function Driver"
va_macro_dlkm.ko,209736,590,TAK,"VA macro driver"
wcd9xxx_dlkm.ko,63712,285,TAK,"WCD9XXX CODEC soc init driver Audio Ref Up Clock module platform driver WCD Class-H Driver"
wcd_core_dlkm.ko,75776,453,TAK,"WCD9XXX CODEC core init driver MSM CODEC pin control platform driver"
wsa883x_dlkm.ko,108304,529,TAK,"WSA883x codec driver"
zinitix.ko,223552,579,TAK,"touch-screen device driver using i2c interface"
